--------------------------------------------------------
--  파일이 생성됨 - 수요일-12월-06-2023   
--------------------------------------------------------
DROP SEQUENCE "GOING"."BOOKING_DETAILS_SQ";
DROP SEQUENCE "GOING"."BOOKING_SQ";
DROP SEQUENCE "GOING"."HISTORY_SQ";
DROP SEQUENCE "GOING"."MEMBER_SQ";
DROP SEQUENCE "GOING"."PAYMENT_SQ";
DROP SEQUENCE "GOING"."QNA_SQ";
DROP SEQUENCE "GOING"."REVIEW_SQ";
DROP SEQUENCE "GOING"."TRAVEL_AGENCY_SQ";
DROP SEQUENCE "GOING"."TRAVEL_ITEM_SQ";
DROP TABLE "GOING"."BOOKING" cascade constraints;
DROP TABLE "GOING"."LIKED_ITEM" cascade constraints;
DROP TABLE "GOING"."MEMBER" cascade constraints;
DROP TABLE "GOING"."PAYMENT_TRANSACTION" cascade constraints;
DROP TABLE "GOING"."QNA_ITEM" cascade constraints;
DROP TABLE "GOING"."REVIEW" cascade constraints;
DROP TABLE "GOING"."STATUS_HISTORY" cascade constraints;
DROP TABLE "GOING"."TRAVEL_AGENCY" cascade constraints;
DROP TABLE "GOING"."TRAVEL_ITEM" cascade constraints;
--------------------------------------------------------
--  DDL for Sequence BOOKING_DETAILS_SQ
--------------------------------------------------------

   CREATE SEQUENCE  "GOING"."BOOKING_DETAILS_SQ"  MINVALUE 1 MAXVALUE 9999999999999999999999999999 INCREMENT BY 1 START WITH 1 CACHE 20 NOORDER  NOCYCLE ;
--------------------------------------------------------
--  DDL for Sequence BOOKING_SQ
--------------------------------------------------------

   CREATE SEQUENCE  "GOING"."BOOKING_SQ"  MINVALUE 1 MAXVALUE 9999999999999999999999999999 INCREMENT BY 1 START WITH 1 CACHE 20 NOORDER  NOCYCLE ;
--------------------------------------------------------
--  DDL for Sequence HISTORY_SQ
--------------------------------------------------------

   CREATE SEQUENCE  "GOING"."HISTORY_SQ"  MINVALUE 1 MAXVALUE 9999999999999999999999999999 INCREMENT BY 1 START WITH 1 CACHE 20 NOORDER  NOCYCLE ;
--------------------------------------------------------
--  DDL for Sequence MEMBER_SQ
--------------------------------------------------------

   CREATE SEQUENCE  "GOING"."MEMBER_SQ"  MINVALUE 1 MAXVALUE 9999999999999999999999999999 INCREMENT BY 1 START WITH 21 CACHE 20 NOORDER  NOCYCLE ;
--------------------------------------------------------
--  DDL for Sequence PAYMENT_SQ
--------------------------------------------------------

   CREATE SEQUENCE  "GOING"."PAYMENT_SQ"  MINVALUE 1 MAXVALUE 9999999999999999999999999999 INCREMENT BY 1 START WITH 1 CACHE 20 NOORDER  NOCYCLE ;
--------------------------------------------------------
--  DDL for Sequence QNA_SQ
--------------------------------------------------------

   CREATE SEQUENCE  "GOING"."QNA_SQ"  MINVALUE 1 MAXVALUE 9999999999999999999999999999 INCREMENT BY 1 START WITH 41 CACHE 20 NOORDER  NOCYCLE ;
--------------------------------------------------------
--  DDL for Sequence REVIEW_SQ
--------------------------------------------------------

   CREATE SEQUENCE  "GOING"."REVIEW_SQ"  MINVALUE 1 MAXVALUE 9999999999999999999999999999 INCREMENT BY 1 START WITH 1 CACHE 20 NOORDER  NOCYCLE ;
--------------------------------------------------------
--  DDL for Sequence TRAVEL_AGENCY_SQ
--------------------------------------------------------

   CREATE SEQUENCE  "GOING"."TRAVEL_AGENCY_SQ"  MINVALUE 1 MAXVALUE 9999999999999999999999999999 INCREMENT BY 1 START WITH 1 CACHE 20 NOORDER  NOCYCLE ;
--------------------------------------------------------
--  DDL for Sequence TRAVEL_ITEM_SQ
--------------------------------------------------------

   CREATE SEQUENCE  "GOING"."TRAVEL_ITEM_SQ"  MINVALUE 1 MAXVALUE 9999999999999999999999999999 INCREMENT BY 1 START WITH 62 CACHE 20 NOORDER  NOCYCLE ;
--------------------------------------------------------
--  DDL for Table BOOKING
--------------------------------------------------------

  CREATE TABLE "GOING"."BOOKING" 
   (	"BOOKING_ID" NUMBER, 
	"MEMBER_EMAIL" NUMBER, 
	"ITEM_ID" NUMBER, 
	"BOOKING_DATE" DATE DEFAULT sysdate, 
	"HEAD_COUNT" NUMBER
   ) SEGMENT CREATION IMMEDIATE 
  PCTFREE 10 PCTUSED 40 INITRANS 1 MAXTRANS 255 NOCOMPRESS LOGGING
  STORAGE(INITIAL 65536 NEXT 1048576 MINEXTENTS 1 MAXEXTENTS 2147483645
  PCTINCREASE 0 FREELISTS 1 FREELIST GROUPS 1 BUFFER_POOL DEFAULT FLASH_CACHE DEFAULT CELL_FLASH_CACHE DEFAULT)
  TABLESPACE "SYSTEM" ;
--------------------------------------------------------
--  DDL for Table LIKED_ITEM
--------------------------------------------------------

  CREATE TABLE "GOING"."LIKED_ITEM" 
   (	"LIKED_ID" NUMBER, 
	"ITEM_ID" NUMBER, 
	"MEMBER_EMAIL" NUMBER
   ) SEGMENT CREATION IMMEDIATE 
  PCTFREE 10 PCTUSED 40 INITRANS 1 MAXTRANS 255 NOCOMPRESS LOGGING
  STORAGE(INITIAL 65536 NEXT 1048576 MINEXTENTS 1 MAXEXTENTS 2147483645
  PCTINCREASE 0 FREELISTS 1 FREELIST GROUPS 1 BUFFER_POOL DEFAULT FLASH_CACHE DEFAULT CELL_FLASH_CACHE DEFAULT)
  TABLESPACE "SYSTEM" ;
--------------------------------------------------------
--  DDL for Table MEMBER
--------------------------------------------------------

  CREATE TABLE "GOING"."MEMBER" 
   (	"MEMBER_ID" NUMBER, 
	"EMAIL" VARCHAR2(100 BYTE), 
	"PASSWORD" NVARCHAR2(100) DEFAULT NULL, 
	"PHONE" VARCHAR2(50 BYTE), 
	"USER_NAME" VARCHAR2(50 BYTE), 
	"ROLE" VARCHAR2(20 BYTE) DEFAULT 'CUSTOMER', 
	"JOIN_DATE" DATE DEFAULT SYSDATE
   ) SEGMENT CREATION IMMEDIATE 
  PCTFREE 10 PCTUSED 40 INITRANS 1 MAXTRANS 255 NOCOMPRESS LOGGING
  STORAGE(INITIAL 65536 NEXT 1048576 MINEXTENTS 1 MAXEXTENTS 2147483645
  PCTINCREASE 0 FREELISTS 1 FREELIST GROUPS 1 BUFFER_POOL DEFAULT FLASH_CACHE DEFAULT CELL_FLASH_CACHE DEFAULT)
  TABLESPACE "SYSTEM" ;
--------------------------------------------------------
--  DDL for Table PAYMENT_TRANSACTION
--------------------------------------------------------

  CREATE TABLE "GOING"."PAYMENT_TRANSACTION" 
   (	"MEMBER_EMAIL" NUMBER, 
	"BOOKING_ID" NUMBER, 
	"TRANSACTION_DATE" DATE, 
	"TOTAL_PRICE" NUMBER, 
	"TRANSACTION_STATUS" VARCHAR2(20 BYTE)
   ) SEGMENT CREATION IMMEDIATE 
  PCTFREE 10 PCTUSED 40 INITRANS 1 MAXTRANS 255 NOCOMPRESS LOGGING
  STORAGE(INITIAL 65536 NEXT 1048576 MINEXTENTS 1 MAXEXTENTS 2147483645
  PCTINCREASE 0 FREELISTS 1 FREELIST GROUPS 1 BUFFER_POOL DEFAULT FLASH_CACHE DEFAULT CELL_FLASH_CACHE DEFAULT)
  TABLESPACE "SYSTEM" ;
--------------------------------------------------------
--  DDL for Table QNA_ITEM
--------------------------------------------------------

  CREATE TABLE "GOING"."QNA_ITEM" 
   (	"QNA_ID" NUMBER, 
	"ITEM_ID" NUMBER, 
	"USER_NAME" VARCHAR2(50 BYTE), 
	"TITLE" VARCHAR2(100 BYTE), 
	"CONTENT" VARCHAR2(100 BYTE), 
	"WRITE_DATE" DATE DEFAULT sysdate, 
	"DELETE_YN" NUMBER(1,0) DEFAULT 0
   ) SEGMENT CREATION IMMEDIATE 
  PCTFREE 10 PCTUSED 40 INITRANS 1 MAXTRANS 255 NOCOMPRESS LOGGING
  STORAGE(INITIAL 65536 NEXT 1048576 MINEXTENTS 1 MAXEXTENTS 2147483645
  PCTINCREASE 0 FREELISTS 1 FREELIST GROUPS 1 BUFFER_POOL DEFAULT FLASH_CACHE DEFAULT CELL_FLASH_CACHE DEFAULT)
  TABLESPACE "USERS" ;
--------------------------------------------------------
--  DDL for Table REVIEW
--------------------------------------------------------

  CREATE TABLE "GOING"."REVIEW" 
   (	"REVIEW_ID" NUMBER, 
	"MEMBER_EMAIL" NUMBER, 
	"AGENCY_ID" NUMBER, 
	"RATING" NUMBER, 
	"COMMNET" VARCHAR2(500 BYTE), 
	"REVIEW_DATE" DATE DEFAULT sysdate, 
	"REPORTED" VARCHAR2(20 BYTE)
   ) SEGMENT CREATION IMMEDIATE 
  PCTFREE 10 PCTUSED 40 INITRANS 1 MAXTRANS 255 NOCOMPRESS LOGGING
  STORAGE(INITIAL 65536 NEXT 1048576 MINEXTENTS 1 MAXEXTENTS 2147483645
  PCTINCREASE 0 FREELISTS 1 FREELIST GROUPS 1 BUFFER_POOL DEFAULT FLASH_CACHE DEFAULT CELL_FLASH_CACHE DEFAULT)
  TABLESPACE "SYSTEM" ;
--------------------------------------------------------
--  DDL for Table STATUS_HISTORY
--------------------------------------------------------

  CREATE TABLE "GOING"."STATUS_HISTORY" 
   (	"HISTORY_ID" NUMBER, 
	"AGENCY_ID" NUMBER, 
	"STATUS" VARCHAR2(20 BYTE), 
	"STATUS_CHANGE_DATE" DATE DEFAULT sysdate
   ) SEGMENT CREATION IMMEDIATE 
  PCTFREE 10 PCTUSED 40 INITRANS 1 MAXTRANS 255 NOCOMPRESS LOGGING
  STORAGE(INITIAL 65536 NEXT 1048576 MINEXTENTS 1 MAXEXTENTS 2147483645
  PCTINCREASE 0 FREELISTS 1 FREELIST GROUPS 1 BUFFER_POOL DEFAULT FLASH_CACHE DEFAULT CELL_FLASH_CACHE DEFAULT)
  TABLESPACE "SYSTEM" ;
--------------------------------------------------------
--  DDL for Table TRAVEL_AGENCY
--------------------------------------------------------

  CREATE TABLE "GOING"."TRAVEL_AGENCY" 
   (	"AGENCY_ID" NUMBER, 
	"EMAIL" VARCHAR2(100 BYTE), 
	"PHONE" VARCHAR2(20 BYTE), 
	"NAME" VARCHAR2(100 BYTE), 
	"STATUS" VARCHAR2(20 BYTE), 
	"AVERAGE_RATING" NUMBER, 
	"TOTAL_REVIEWS" NUMBER
   ) SEGMENT CREATION IMMEDIATE 
  PCTFREE 10 PCTUSED 40 INITRANS 1 MAXTRANS 255 NOCOMPRESS LOGGING
  STORAGE(INITIAL 65536 NEXT 1048576 MINEXTENTS 1 MAXEXTENTS 2147483645
  PCTINCREASE 0 FREELISTS 1 FREELIST GROUPS 1 BUFFER_POOL DEFAULT FLASH_CACHE DEFAULT CELL_FLASH_CACHE DEFAULT)
  TABLESPACE "SYSTEM" ;
--------------------------------------------------------
--  DDL for Table TRAVEL_ITEM
--------------------------------------------------------

  CREATE TABLE "GOING"."TRAVEL_ITEM" 
   (	"ITEM_ID" NUMBER, 
	"AGENCY_ID" NUMBER, 
	"ITEM_NAME" VARCHAR2(100 BYTE), 
	"AGENCY_NAME" VARCHAR2(100 BYTE), 
	"LOCATION" VARCHAR2(100 BYTE), 
	"PRICE" NUMBER, 
	"DESCRIPTION" VARCHAR2(1000 BYTE), 
	"DEPARTURE_DATE" DATE DEFAULT sysdate, 
	"ARRIVAL_DATE" DATE DEFAULT sysdate, 
	"LIKE_COUNT" NUMBER DEFAULT 0, 
	"DELETE_YN" NUMBER(1,0) DEFAULT 0
   ) SEGMENT CREATION IMMEDIATE 
  PCTFREE 10 PCTUSED 40 INITRANS 1 MAXTRANS 255 NOCOMPRESS LOGGING
  STORAGE(INITIAL 65536 NEXT 1048576 MINEXTENTS 1 MAXEXTENTS 2147483645
  PCTINCREASE 0 FREELISTS 1 FREELIST GROUPS 1 BUFFER_POOL DEFAULT FLASH_CACHE DEFAULT CELL_FLASH_CACHE DEFAULT)
  TABLESPACE "SYSTEM" ;
REM INSERTING into GOING.BOOKING
SET DEFINE OFF;
REM INSERTING into GOING.LIKED_ITEM
SET DEFINE OFF;
REM INSERTING into GOING.MEMBER
SET DEFINE OFF;
REM INSERTING into GOING.PAYMENT_TRANSACTION
SET DEFINE OFF;
REM INSERTING into GOING.QNA_ITEM
SET DEFINE OFF;
Insert into GOING.QNA_ITEM (QNA_ID,ITEM_ID,USER_NAME,TITLE,CONTENT,WRITE_DATE,DELETE_YN) values (1,2,'테스트','상품문의','상품문의 테스트',to_date('23/12/06','RR/MM/DD'),0);
Insert into GOING.QNA_ITEM (QNA_ID,ITEM_ID,USER_NAME,TITLE,CONTENT,WRITE_DATE,DELETE_YN) values (21,11,'홍길동','ㅁㄴㅇ','ㅁㄴㅇㅇ',to_date('23/12/06','RR/MM/DD'),0);
Insert into GOING.QNA_ITEM (QNA_ID,ITEM_ID,USER_NAME,TITLE,CONTENT,WRITE_DATE,DELETE_YN) values (22,11,'홍길동','ㅁㄴㅇ222','ㅁㄴㅇㅇ222',to_date('23/12/06','RR/MM/DD'),0);
REM INSERTING into GOING.REVIEW
SET DEFINE OFF;
REM INSERTING into GOING.STATUS_HISTORY
SET DEFINE OFF;
REM INSERTING into GOING.TRAVEL_AGENCY
SET DEFINE OFF;
Insert into GOING.TRAVEL_AGENCY (AGENCY_ID,EMAIL,PHONE,NAME,STATUS,AVERAGE_RATING,TOTAL_REVIEWS) values (1,'agency@a.com','01012345678','A투어','0',0,0);
Insert into GOING.TRAVEL_AGENCY (AGENCY_ID,EMAIL,PHONE,NAME,STATUS,AVERAGE_RATING,TOTAL_REVIEWS) values (2,'agency@b.com','01012345678','B투어','0',0,0);
REM INSERTING into GOING.TRAVEL_ITEM
SET DEFINE OFF;
Insert into GOING.TRAVEL_ITEM (ITEM_ID,AGENCY_ID,ITEM_NAME,AGENCY_NAME,LOCATION,PRICE,DESCRIPTION,DEPARTURE_DATE,ARRIVAL_DATE,LIKE_COUNT,DELETE_YN) values (2,2,'1번째 아이템','B투어','도쿄',11111,'1번 상품 등록 테스트',to_date('23/12/04','RR/MM/DD'),to_date('23/12/04','RR/MM/DD'),0,0);
Insert into GOING.TRAVEL_ITEM (ITEM_ID,AGENCY_ID,ITEM_NAME,AGENCY_NAME,LOCATION,PRICE,DESCRIPTION,DEPARTURE_DATE,ARRIVAL_DATE,LIKE_COUNT,DELETE_YN) values (3,1,'2번째 아이템','A투어','뉴욕',99999,'2번 상품 등록 테스트',to_date('23/12/04','RR/MM/DD'),to_date('23/12/04','RR/MM/DD'),0,0);
Insert into GOING.TRAVEL_ITEM (ITEM_ID,AGENCY_ID,ITEM_NAME,AGENCY_NAME,LOCATION,PRICE,DESCRIPTION,DEPARTURE_DATE,ARRIVAL_DATE,LIKE_COUNT,DELETE_YN) values (4,2,'3번째 아이템','B투어','도쿄',11111,'3번 상품 등록 테스트',to_date('23/12/04','RR/MM/DD'),to_date('23/12/04','RR/MM/DD'),0,0);
Insert into GOING.TRAVEL_ITEM (ITEM_ID,AGENCY_ID,ITEM_NAME,AGENCY_NAME,LOCATION,PRICE,DESCRIPTION,DEPARTURE_DATE,ARRIVAL_DATE,LIKE_COUNT,DELETE_YN) values (5,1,'4번째 아이템','A투어','뉴욕',99999,'4번 상품 등록 테스트',to_date('23/12/04','RR/MM/DD'),to_date('23/12/04','RR/MM/DD'),0,0);
Insert into GOING.TRAVEL_ITEM (ITEM_ID,AGENCY_ID,ITEM_NAME,AGENCY_NAME,LOCATION,PRICE,DESCRIPTION,DEPARTURE_DATE,ARRIVAL_DATE,LIKE_COUNT,DELETE_YN) values (6,2,'5번째 아이템','B투어','도쿄',11111,'5번 상품 등록 테스트',to_date('23/12/04','RR/MM/DD'),to_date('23/12/04','RR/MM/DD'),0,0);
Insert into GOING.TRAVEL_ITEM (ITEM_ID,AGENCY_ID,ITEM_NAME,AGENCY_NAME,LOCATION,PRICE,DESCRIPTION,DEPARTURE_DATE,ARRIVAL_DATE,LIKE_COUNT,DELETE_YN) values (7,1,'6번째 아이템','A투어','뉴욕',99999,'6번 상품 등록 테스트',to_date('23/12/04','RR/MM/DD'),to_date('23/12/04','RR/MM/DD'),0,0);
Insert into GOING.TRAVEL_ITEM (ITEM_ID,AGENCY_ID,ITEM_NAME,AGENCY_NAME,LOCATION,PRICE,DESCRIPTION,DEPARTURE_DATE,ARRIVAL_DATE,LIKE_COUNT,DELETE_YN) values (8,2,'7번째 아이템','B투어','도쿄',11111,'7번 상품 등록 테스트',to_date('23/12/04','RR/MM/DD'),to_date('23/12/04','RR/MM/DD'),0,0);
Insert into GOING.TRAVEL_ITEM (ITEM_ID,AGENCY_ID,ITEM_NAME,AGENCY_NAME,LOCATION,PRICE,DESCRIPTION,DEPARTURE_DATE,ARRIVAL_DATE,LIKE_COUNT,DELETE_YN) values (9,1,'8번째 아이템','A투어','뉴욕',99999,'8번 상품 등록 테스트',to_date('23/12/04','RR/MM/DD'),to_date('23/12/04','RR/MM/DD'),0,0);
Insert into GOING.TRAVEL_ITEM (ITEM_ID,AGENCY_ID,ITEM_NAME,AGENCY_NAME,LOCATION,PRICE,DESCRIPTION,DEPARTURE_DATE,ARRIVAL_DATE,LIKE_COUNT,DELETE_YN) values (10,2,'9번째 아이템','B투어','도쿄',11111,'9번 상품 등록 테스트',to_date('23/12/04','RR/MM/DD'),to_date('23/12/04','RR/MM/DD'),0,0);
Insert into GOING.TRAVEL_ITEM (ITEM_ID,AGENCY_ID,ITEM_NAME,AGENCY_NAME,LOCATION,PRICE,DESCRIPTION,DEPARTURE_DATE,ARRIVAL_DATE,LIKE_COUNT,DELETE_YN) values (11,1,'10번째 아이템','A투어','뉴욕',99999,'10번 상품 등록 테스트',to_date('23/12/04','RR/MM/DD'),to_date('23/12/04','RR/MM/DD'),0,0);
Insert into GOING.TRAVEL_ITEM (ITEM_ID,AGENCY_ID,ITEM_NAME,AGENCY_NAME,LOCATION,PRICE,DESCRIPTION,DEPARTURE_DATE,ARRIVAL_DATE,LIKE_COUNT,DELETE_YN) values (12,2,'11번째 아이템','B투어','도쿄',11111,'11번 상품 등록 테스트',to_date('23/12/04','RR/MM/DD'),to_date('23/12/04','RR/MM/DD'),0,0);
Insert into GOING.TRAVEL_ITEM (ITEM_ID,AGENCY_ID,ITEM_NAME,AGENCY_NAME,LOCATION,PRICE,DESCRIPTION,DEPARTURE_DATE,ARRIVAL_DATE,LIKE_COUNT,DELETE_YN) values (13,1,'12번째 아이템','A투어','뉴욕',99999,'12번 상품 등록 테스트',to_date('23/12/04','RR/MM/DD'),to_date('23/12/04','RR/MM/DD'),0,0);
Insert into GOING.TRAVEL_ITEM (ITEM_ID,AGENCY_ID,ITEM_NAME,AGENCY_NAME,LOCATION,PRICE,DESCRIPTION,DEPARTURE_DATE,ARRIVAL_DATE,LIKE_COUNT,DELETE_YN) values (14,2,'13번째 아이템','B투어','도쿄',11111,'13번 상품 등록 테스트',to_date('23/12/04','RR/MM/DD'),to_date('23/12/04','RR/MM/DD'),0,0);
Insert into GOING.TRAVEL_ITEM (ITEM_ID,AGENCY_ID,ITEM_NAME,AGENCY_NAME,LOCATION,PRICE,DESCRIPTION,DEPARTURE_DATE,ARRIVAL_DATE,LIKE_COUNT,DELETE_YN) values (15,1,'14번째 아이템','A투어','뉴욕',99999,'14번 상품 등록 테스트',to_date('23/12/04','RR/MM/DD'),to_date('23/12/04','RR/MM/DD'),0,0);
Insert into GOING.TRAVEL_ITEM (ITEM_ID,AGENCY_ID,ITEM_NAME,AGENCY_NAME,LOCATION,PRICE,DESCRIPTION,DEPARTURE_DATE,ARRIVAL_DATE,LIKE_COUNT,DELETE_YN) values (16,2,'15번째 아이템','B투어','도쿄',11111,'15번 상품 등록 테스트',to_date('23/12/04','RR/MM/DD'),to_date('23/12/04','RR/MM/DD'),0,0);
Insert into GOING.TRAVEL_ITEM (ITEM_ID,AGENCY_ID,ITEM_NAME,AGENCY_NAME,LOCATION,PRICE,DESCRIPTION,DEPARTURE_DATE,ARRIVAL_DATE,LIKE_COUNT,DELETE_YN) values (17,1,'16번째 아이템','A투어','뉴욕',99999,'16번 상품 등록 테스트',to_date('23/12/04','RR/MM/DD'),to_date('23/12/04','RR/MM/DD'),0,0);
Insert into GOING.TRAVEL_ITEM (ITEM_ID,AGENCY_ID,ITEM_NAME,AGENCY_NAME,LOCATION,PRICE,DESCRIPTION,DEPARTURE_DATE,ARRIVAL_DATE,LIKE_COUNT,DELETE_YN) values (18,2,'17번째 아이템','B투어','도쿄',11111,'17번 상품 등록 테스트',to_date('23/12/04','RR/MM/DD'),to_date('23/12/04','RR/MM/DD'),0,0);
Insert into GOING.TRAVEL_ITEM (ITEM_ID,AGENCY_ID,ITEM_NAME,AGENCY_NAME,LOCATION,PRICE,DESCRIPTION,DEPARTURE_DATE,ARRIVAL_DATE,LIKE_COUNT,DELETE_YN) values (19,1,'18번째 아이템','A투어','뉴욕',99999,'18번 상품 등록 테스트',to_date('23/12/04','RR/MM/DD'),to_date('23/12/04','RR/MM/DD'),0,0);
Insert into GOING.TRAVEL_ITEM (ITEM_ID,AGENCY_ID,ITEM_NAME,AGENCY_NAME,LOCATION,PRICE,DESCRIPTION,DEPARTURE_DATE,ARRIVAL_DATE,LIKE_COUNT,DELETE_YN) values (20,2,'19번째 아이템','B투어','도쿄',11111,'19번 상품 등록 테스트',to_date('23/12/04','RR/MM/DD'),to_date('23/12/04','RR/MM/DD'),0,0);
Insert into GOING.TRAVEL_ITEM (ITEM_ID,AGENCY_ID,ITEM_NAME,AGENCY_NAME,LOCATION,PRICE,DESCRIPTION,DEPARTURE_DATE,ARRIVAL_DATE,LIKE_COUNT,DELETE_YN) values (21,1,'20번째 아이템','A투어','뉴욕',99999,'20번 상품 등록 테스트',to_date('23/12/04','RR/MM/DD'),to_date('23/12/04','RR/MM/DD'),0,0);
Insert into GOING.TRAVEL_ITEM (ITEM_ID,AGENCY_ID,ITEM_NAME,AGENCY_NAME,LOCATION,PRICE,DESCRIPTION,DEPARTURE_DATE,ARRIVAL_DATE,LIKE_COUNT,DELETE_YN) values (22,2,'21번째 아이템','B투어','도쿄',11111,'21번 상품 등록 테스트',to_date('23/12/04','RR/MM/DD'),to_date('23/12/04','RR/MM/DD'),0,0);
Insert into GOING.TRAVEL_ITEM (ITEM_ID,AGENCY_ID,ITEM_NAME,AGENCY_NAME,LOCATION,PRICE,DESCRIPTION,DEPARTURE_DATE,ARRIVAL_DATE,LIKE_COUNT,DELETE_YN) values (23,1,'22번째 아이템','A투어','뉴욕',99999,'22번 상품 등록 테스트',to_date('23/12/04','RR/MM/DD'),to_date('23/12/04','RR/MM/DD'),0,0);
Insert into GOING.TRAVEL_ITEM (ITEM_ID,AGENCY_ID,ITEM_NAME,AGENCY_NAME,LOCATION,PRICE,DESCRIPTION,DEPARTURE_DATE,ARRIVAL_DATE,LIKE_COUNT,DELETE_YN) values (24,2,'23번째 아이템','B투어','도쿄',11111,'23번 상품 등록 테스트',to_date('23/12/04','RR/MM/DD'),to_date('23/12/04','RR/MM/DD'),0,0);
Insert into GOING.TRAVEL_ITEM (ITEM_ID,AGENCY_ID,ITEM_NAME,AGENCY_NAME,LOCATION,PRICE,DESCRIPTION,DEPARTURE_DATE,ARRIVAL_DATE,LIKE_COUNT,DELETE_YN) values (25,1,'24번째 아이템','A투어','뉴욕',99999,'24번 상품 등록 테스트',to_date('23/12/04','RR/MM/DD'),to_date('23/12/04','RR/MM/DD'),0,0);
Insert into GOING.TRAVEL_ITEM (ITEM_ID,AGENCY_ID,ITEM_NAME,AGENCY_NAME,LOCATION,PRICE,DESCRIPTION,DEPARTURE_DATE,ARRIVAL_DATE,LIKE_COUNT,DELETE_YN) values (26,2,'25번째 아이템','B투어','도쿄',11111,'25번 상품 등록 테스트',to_date('23/12/04','RR/MM/DD'),to_date('23/12/04','RR/MM/DD'),0,0);
Insert into GOING.TRAVEL_ITEM (ITEM_ID,AGENCY_ID,ITEM_NAME,AGENCY_NAME,LOCATION,PRICE,DESCRIPTION,DEPARTURE_DATE,ARRIVAL_DATE,LIKE_COUNT,DELETE_YN) values (27,1,'26번째 아이템','A투어','뉴욕',99999,'26번 상품 등록 테스트',to_date('23/12/04','RR/MM/DD'),to_date('23/12/04','RR/MM/DD'),0,0);
Insert into GOING.TRAVEL_ITEM (ITEM_ID,AGENCY_ID,ITEM_NAME,AGENCY_NAME,LOCATION,PRICE,DESCRIPTION,DEPARTURE_DATE,ARRIVAL_DATE,LIKE_COUNT,DELETE_YN) values (28,2,'27번째 아이템','B투어','도쿄',11111,'27번 상품 등록 테스트',to_date('23/12/04','RR/MM/DD'),to_date('23/12/04','RR/MM/DD'),0,0);
Insert into GOING.TRAVEL_ITEM (ITEM_ID,AGENCY_ID,ITEM_NAME,AGENCY_NAME,LOCATION,PRICE,DESCRIPTION,DEPARTURE_DATE,ARRIVAL_DATE,LIKE_COUNT,DELETE_YN) values (29,1,'28번째 아이템','A투어','뉴욕',99999,'28번 상품 등록 테스트',to_date('23/12/04','RR/MM/DD'),to_date('23/12/04','RR/MM/DD'),0,0);
Insert into GOING.TRAVEL_ITEM (ITEM_ID,AGENCY_ID,ITEM_NAME,AGENCY_NAME,LOCATION,PRICE,DESCRIPTION,DEPARTURE_DATE,ARRIVAL_DATE,LIKE_COUNT,DELETE_YN) values (30,2,'29번째 아이템','B투어','도쿄',11111,'29번 상품 등록 테스트',to_date('23/12/04','RR/MM/DD'),to_date('23/12/04','RR/MM/DD'),0,0);
Insert into GOING.TRAVEL_ITEM (ITEM_ID,AGENCY_ID,ITEM_NAME,AGENCY_NAME,LOCATION,PRICE,DESCRIPTION,DEPARTURE_DATE,ARRIVAL_DATE,LIKE_COUNT,DELETE_YN) values (31,1,'30번째 아이템','A투어','뉴욕',99999,'30번 상품 등록 테스트',to_date('23/12/04','RR/MM/DD'),to_date('23/12/04','RR/MM/DD'),0,0);
Insert into GOING.TRAVEL_ITEM (ITEM_ID,AGENCY_ID,ITEM_NAME,AGENCY_NAME,LOCATION,PRICE,DESCRIPTION,DEPARTURE_DATE,ARRIVAL_DATE,LIKE_COUNT,DELETE_YN) values (32,2,'31번째 아이템','B투어','도쿄',11111,'31번 상품 등록 테스트',to_date('23/12/04','RR/MM/DD'),to_date('23/12/04','RR/MM/DD'),0,0);
Insert into GOING.TRAVEL_ITEM (ITEM_ID,AGENCY_ID,ITEM_NAME,AGENCY_NAME,LOCATION,PRICE,DESCRIPTION,DEPARTURE_DATE,ARRIVAL_DATE,LIKE_COUNT,DELETE_YN) values (33,1,'32번째 아이템','A투어','뉴욕',99999,'32번 상품 등록 테스트',to_date('23/12/04','RR/MM/DD'),to_date('23/12/04','RR/MM/DD'),0,0);
Insert into GOING.TRAVEL_ITEM (ITEM_ID,AGENCY_ID,ITEM_NAME,AGENCY_NAME,LOCATION,PRICE,DESCRIPTION,DEPARTURE_DATE,ARRIVAL_DATE,LIKE_COUNT,DELETE_YN) values (34,2,'33번째 아이템','B투어','도쿄',11111,'33번 상품 등록 테스트',to_date('23/12/04','RR/MM/DD'),to_date('23/12/04','RR/MM/DD'),0,0);
Insert into GOING.TRAVEL_ITEM (ITEM_ID,AGENCY_ID,ITEM_NAME,AGENCY_NAME,LOCATION,PRICE,DESCRIPTION,DEPARTURE_DATE,ARRIVAL_DATE,LIKE_COUNT,DELETE_YN) values (35,1,'34번째 아이템','A투어','뉴욕',99999,'34번 상품 등록 테스트',to_date('23/12/04','RR/MM/DD'),to_date('23/12/04','RR/MM/DD'),0,0);
Insert into GOING.TRAVEL_ITEM (ITEM_ID,AGENCY_ID,ITEM_NAME,AGENCY_NAME,LOCATION,PRICE,DESCRIPTION,DEPARTURE_DATE,ARRIVAL_DATE,LIKE_COUNT,DELETE_YN) values (36,2,'35번째 아이템','B투어','도쿄',11111,'35번 상품 등록 테스트',to_date('23/12/04','RR/MM/DD'),to_date('23/12/04','RR/MM/DD'),0,0);
Insert into GOING.TRAVEL_ITEM (ITEM_ID,AGENCY_ID,ITEM_NAME,AGENCY_NAME,LOCATION,PRICE,DESCRIPTION,DEPARTURE_DATE,ARRIVAL_DATE,LIKE_COUNT,DELETE_YN) values (37,1,'36번째 아이템','A투어','뉴욕',99999,'36번 상품 등록 테스트',to_date('23/12/04','RR/MM/DD'),to_date('23/12/04','RR/MM/DD'),0,0);
Insert into GOING.TRAVEL_ITEM (ITEM_ID,AGENCY_ID,ITEM_NAME,AGENCY_NAME,LOCATION,PRICE,DESCRIPTION,DEPARTURE_DATE,ARRIVAL_DATE,LIKE_COUNT,DELETE_YN) values (38,2,'37번째 아이템','B투어','도쿄',11111,'37번 상품 등록 테스트',to_date('23/12/04','RR/MM/DD'),to_date('23/12/04','RR/MM/DD'),0,0);
Insert into GOING.TRAVEL_ITEM (ITEM_ID,AGENCY_ID,ITEM_NAME,AGENCY_NAME,LOCATION,PRICE,DESCRIPTION,DEPARTURE_DATE,ARRIVAL_DATE,LIKE_COUNT,DELETE_YN) values (39,1,'38번째 아이템','A투어','뉴욕',99999,'38번 상품 등록 테스트',to_date('23/12/04','RR/MM/DD'),to_date('23/12/04','RR/MM/DD'),0,0);
Insert into GOING.TRAVEL_ITEM (ITEM_ID,AGENCY_ID,ITEM_NAME,AGENCY_NAME,LOCATION,PRICE,DESCRIPTION,DEPARTURE_DATE,ARRIVAL_DATE,LIKE_COUNT,DELETE_YN) values (40,2,'39번째 아이템','B투어','도쿄',11111,'39번 상품 등록 테스트',to_date('23/12/04','RR/MM/DD'),to_date('23/12/04','RR/MM/DD'),0,0);
Insert into GOING.TRAVEL_ITEM (ITEM_ID,AGENCY_ID,ITEM_NAME,AGENCY_NAME,LOCATION,PRICE,DESCRIPTION,DEPARTURE_DATE,ARRIVAL_DATE,LIKE_COUNT,DELETE_YN) values (41,1,'40번째 아이템','A투어','뉴욕',99999,'40번 상품 등록 테스트',to_date('23/12/04','RR/MM/DD'),to_date('23/12/04','RR/MM/DD'),0,0);
Insert into GOING.TRAVEL_ITEM (ITEM_ID,AGENCY_ID,ITEM_NAME,AGENCY_NAME,LOCATION,PRICE,DESCRIPTION,DEPARTURE_DATE,ARRIVAL_DATE,LIKE_COUNT,DELETE_YN) values (42,2,'41번째 아이템','B투어','도쿄',11111,'41번 상품 등록 테스트',to_date('23/12/04','RR/MM/DD'),to_date('23/12/04','RR/MM/DD'),0,0);
Insert into GOING.TRAVEL_ITEM (ITEM_ID,AGENCY_ID,ITEM_NAME,AGENCY_NAME,LOCATION,PRICE,DESCRIPTION,DEPARTURE_DATE,ARRIVAL_DATE,LIKE_COUNT,DELETE_YN) values (43,1,'42번째 아이템','A투어','뉴욕',99999,'42번 상품 등록 테스트',to_date('23/12/04','RR/MM/DD'),to_date('23/12/04','RR/MM/DD'),0,0);
Insert into GOING.TRAVEL_ITEM (ITEM_ID,AGENCY_ID,ITEM_NAME,AGENCY_NAME,LOCATION,PRICE,DESCRIPTION,DEPARTURE_DATE,ARRIVAL_DATE,LIKE_COUNT,DELETE_YN) values (44,2,'43번째 아이템','B투어','도쿄',11111,'43번 상품 등록 테스트',to_date('23/12/04','RR/MM/DD'),to_date('23/12/04','RR/MM/DD'),0,0);
Insert into GOING.TRAVEL_ITEM (ITEM_ID,AGENCY_ID,ITEM_NAME,AGENCY_NAME,LOCATION,PRICE,DESCRIPTION,DEPARTURE_DATE,ARRIVAL_DATE,LIKE_COUNT,DELETE_YN) values (45,1,'44번째 아이템','A투어','뉴욕',99999,'44번 상품 등록 테스트',to_date('23/12/04','RR/MM/DD'),to_date('23/12/04','RR/MM/DD'),0,0);
Insert into GOING.TRAVEL_ITEM (ITEM_ID,AGENCY_ID,ITEM_NAME,AGENCY_NAME,LOCATION,PRICE,DESCRIPTION,DEPARTURE_DATE,ARRIVAL_DATE,LIKE_COUNT,DELETE_YN) values (46,2,'45번째 아이템','B투어','도쿄',11111,'45번 상품 등록 테스트',to_date('23/12/04','RR/MM/DD'),to_date('23/12/04','RR/MM/DD'),0,0);
Insert into GOING.TRAVEL_ITEM (ITEM_ID,AGENCY_ID,ITEM_NAME,AGENCY_NAME,LOCATION,PRICE,DESCRIPTION,DEPARTURE_DATE,ARRIVAL_DATE,LIKE_COUNT,DELETE_YN) values (47,1,'46번째 아이템','A투어','뉴욕',99999,'46번 상품 등록 테스트',to_date('23/12/04','RR/MM/DD'),to_date('23/12/04','RR/MM/DD'),0,0);
Insert into GOING.TRAVEL_ITEM (ITEM_ID,AGENCY_ID,ITEM_NAME,AGENCY_NAME,LOCATION,PRICE,DESCRIPTION,DEPARTURE_DATE,ARRIVAL_DATE,LIKE_COUNT,DELETE_YN) values (48,2,'47번째 아이템','B투어','도쿄',11111,'47번 상품 등록 테스트',to_date('23/12/04','RR/MM/DD'),to_date('23/12/04','RR/MM/DD'),0,0);
Insert into GOING.TRAVEL_ITEM (ITEM_ID,AGENCY_ID,ITEM_NAME,AGENCY_NAME,LOCATION,PRICE,DESCRIPTION,DEPARTURE_DATE,ARRIVAL_DATE,LIKE_COUNT,DELETE_YN) values (49,1,'48번째 아이템','A투어','뉴욕',99999,'48번 상품 등록 테스트',to_date('23/12/04','RR/MM/DD'),to_date('23/12/04','RR/MM/DD'),0,0);
Insert into GOING.TRAVEL_ITEM (ITEM_ID,AGENCY_ID,ITEM_NAME,AGENCY_NAME,LOCATION,PRICE,DESCRIPTION,DEPARTURE_DATE,ARRIVAL_DATE,LIKE_COUNT,DELETE_YN) values (50,2,'49번째 아이템','B투어','도쿄',11111,'49번 상품 등록 테스트',to_date('23/12/04','RR/MM/DD'),to_date('23/12/04','RR/MM/DD'),0,0);
--------------------------------------------------------
--  DDL for Index MEMBER_PK
--------------------------------------------------------

  CREATE UNIQUE INDEX "GOING"."MEMBER_PK" ON "GOING"."MEMBER" ("MEMBER_ID", "EMAIL") 
  PCTFREE 10 INITRANS 2 MAXTRANS 255 COMPUTE STATISTICS 
  STORAGE(INITIAL 65536 NEXT 1048576 MINEXTENTS 1 MAXEXTENTS 2147483645
  PCTINCREASE 0 FREELISTS 1 FREELIST GROUPS 1 BUFFER_POOL DEFAULT FLASH_CACHE DEFAULT CELL_FLASH_CACHE DEFAULT)
  TABLESPACE "SYSTEM" ;
--------------------------------------------------------
--  DDL for Index REVIEW_PK
--------------------------------------------------------

  CREATE UNIQUE INDEX "GOING"."REVIEW_PK" ON "GOING"."REVIEW" ("REVIEW_ID") 
  PCTFREE 10 INITRANS 2 MAXTRANS 255 COMPUTE STATISTICS 
  STORAGE(INITIAL 65536 NEXT 1048576 MINEXTENTS 1 MAXEXTENTS 2147483645
  PCTINCREASE 0 FREELISTS 1 FREELIST GROUPS 1 BUFFER_POOL DEFAULT FLASH_CACHE DEFAULT CELL_FLASH_CACHE DEFAULT)
  TABLESPACE "SYSTEM" ;
--------------------------------------------------------
--  DDL for Index QNA_ITEM_PK
--------------------------------------------------------

  CREATE UNIQUE INDEX "GOING"."QNA_ITEM_PK" ON "GOING"."QNA_ITEM" ("QNA_ID") 
  PCTFREE 10 INITRANS 2 MAXTRANS 255 COMPUTE STATISTICS 
  STORAGE(INITIAL 65536 NEXT 1048576 MINEXTENTS 1 MAXEXTENTS 2147483645
  PCTINCREASE 0 FREELISTS 1 FREELIST GROUPS 1 BUFFER_POOL DEFAULT FLASH_CACHE DEFAULT CELL_FLASH_CACHE DEFAULT)
  TABLESPACE "USERS" ;
--------------------------------------------------------
--  DDL for Index SYS_C007225
--------------------------------------------------------

  CREATE UNIQUE INDEX "GOING"."SYS_C007225" ON "GOING"."BOOKING" ("BOOKING_ID") 
  PCTFREE 10 INITRANS 2 MAXTRANS 255 COMPUTE STATISTICS 
  STORAGE(INITIAL 65536 NEXT 1048576 MINEXTENTS 1 MAXEXTENTS 2147483645
  PCTINCREASE 0 FREELISTS 1 FREELIST GROUPS 1 BUFFER_POOL DEFAULT FLASH_CACHE DEFAULT CELL_FLASH_CACHE DEFAULT)
  TABLESPACE "SYSTEM" ;
--------------------------------------------------------
--  DDL for Index LIKED_ITEM_PK
--------------------------------------------------------

  CREATE UNIQUE INDEX "GOING"."LIKED_ITEM_PK" ON "GOING"."LIKED_ITEM" ("LIKED_ID") 
  PCTFREE 10 INITRANS 2 MAXTRANS 255 COMPUTE STATISTICS 
  STORAGE(INITIAL 65536 NEXT 1048576 MINEXTENTS 1 MAXEXTENTS 2147483645
  PCTINCREASE 0 FREELISTS 1 FREELIST GROUPS 1 BUFFER_POOL DEFAULT FLASH_CACHE DEFAULT CELL_FLASH_CACHE DEFAULT)
  TABLESPACE "SYSTEM" ;
--------------------------------------------------------
--  Constraints for Table QNA_ITEM
--------------------------------------------------------

  ALTER TABLE "GOING"."QNA_ITEM" MODIFY ("TITLE" NOT NULL ENABLE);
  ALTER TABLE "GOING"."QNA_ITEM" MODIFY ("USER_NAME" NOT NULL ENABLE);
  ALTER TABLE "GOING"."QNA_ITEM" ADD CONSTRAINT "QNA_ITEM_PK" PRIMARY KEY ("QNA_ID")
  USING INDEX PCTFREE 10 INITRANS 2 MAXTRANS 255 COMPUTE STATISTICS 
  STORAGE(INITIAL 65536 NEXT 1048576 MINEXTENTS 1 MAXEXTENTS 2147483645
  PCTINCREASE 0 FREELISTS 1 FREELIST GROUPS 1 BUFFER_POOL DEFAULT FLASH_CACHE DEFAULT CELL_FLASH_CACHE DEFAULT)
  TABLESPACE "USERS"  ENABLE;
  ALTER TABLE "GOING"."QNA_ITEM" MODIFY ("QNA_ID" NOT NULL ENABLE);
--------------------------------------------------------
--  Constraints for Table MEMBER
--------------------------------------------------------

  ALTER TABLE "GOING"."MEMBER" MODIFY ("MEMBER_ID" NOT NULL ENABLE);
  ALTER TABLE "GOING"."MEMBER" ADD CONSTRAINT "MEMBER_PK" PRIMARY KEY ("MEMBER_ID", "EMAIL")
  USING INDEX PCTFREE 10 INITRANS 2 MAXTRANS 255 COMPUTE STATISTICS 
  STORAGE(INITIAL 65536 NEXT 1048576 MINEXTENTS 1 MAXEXTENTS 2147483645
  PCTINCREASE 0 FREELISTS 1 FREELIST GROUPS 1 BUFFER_POOL DEFAULT FLASH_CACHE DEFAULT CELL_FLASH_CACHE DEFAULT)
  TABLESPACE "SYSTEM"  ENABLE;
  ALTER TABLE "GOING"."MEMBER" MODIFY ("EMAIL" NOT NULL ENABLE);
  ALTER TABLE "GOING"."MEMBER" MODIFY ("PHONE" NOT NULL ENABLE);
  ALTER TABLE "GOING"."MEMBER" MODIFY ("USER_NAME" NOT NULL ENABLE);
  ALTER TABLE "GOING"."MEMBER" MODIFY ("ROLE" NOT NULL ENABLE);
  ALTER TABLE "GOING"."MEMBER" MODIFY ("PASSWORD" NOT NULL ENABLE);
--------------------------------------------------------
--  Constraints for Table TRAVEL_AGENCY
--------------------------------------------------------

  ALTER TABLE "GOING"."TRAVEL_AGENCY" ADD PRIMARY KEY ("AGENCY_ID")
  USING INDEX PCTFREE 10 INITRANS 2 MAXTRANS 255 COMPUTE STATISTICS 
  STORAGE(INITIAL 65536 NEXT 1048576 MINEXTENTS 1 MAXEXTENTS 2147483645
  PCTINCREASE 0 FREELISTS 1 FREELIST GROUPS 1 BUFFER_POOL DEFAULT FLASH_CACHE DEFAULT CELL_FLASH_CACHE DEFAULT)
  TABLESPACE "SYSTEM"  ENABLE;
--------------------------------------------------------
--  Constraints for Table LIKED_ITEM
--------------------------------------------------------

  ALTER TABLE "GOING"."LIKED_ITEM" ADD CONSTRAINT "LIKED_ITEM_PK" PRIMARY KEY ("LIKED_ID")
  USING INDEX PCTFREE 10 INITRANS 2 MAXTRANS 255 COMPUTE STATISTICS 
  STORAGE(INITIAL 65536 NEXT 1048576 MINEXTENTS 1 MAXEXTENTS 2147483645
  PCTINCREASE 0 FREELISTS 1 FREELIST GROUPS 1 BUFFER_POOL DEFAULT FLASH_CACHE DEFAULT CELL_FLASH_CACHE DEFAULT)
  TABLESPACE "SYSTEM"  ENABLE;
  ALTER TABLE "GOING"."LIKED_ITEM" MODIFY ("LIKED_ID" NOT NULL ENABLE);
--------------------------------------------------------
--  Constraints for Table STATUS_HISTORY
--------------------------------------------------------

  ALTER TABLE "GOING"."STATUS_HISTORY" ADD PRIMARY KEY ("HISTORY_ID")
  USING INDEX PCTFREE 10 INITRANS 2 MAXTRANS 255 COMPUTE STATISTICS 
  STORAGE(INITIAL 65536 NEXT 1048576 MINEXTENTS 1 MAXEXTENTS 2147483645
  PCTINCREASE 0 FREELISTS 1 FREELIST GROUPS 1 BUFFER_POOL DEFAULT FLASH_CACHE DEFAULT CELL_FLASH_CACHE DEFAULT)
  TABLESPACE "SYSTEM"  ENABLE;
--------------------------------------------------------
--  Constraints for Table PAYMENT_TRANSACTION
--------------------------------------------------------

  ALTER TABLE "GOING"."PAYMENT_TRANSACTION" ADD PRIMARY KEY ("MEMBER_EMAIL")
  USING INDEX PCTFREE 10 INITRANS 2 MAXTRANS 255 COMPUTE STATISTICS 
  STORAGE(INITIAL 65536 NEXT 1048576 MINEXTENTS 1 MAXEXTENTS 2147483645
  PCTINCREASE 0 FREELISTS 1 FREELIST GROUPS 1 BUFFER_POOL DEFAULT FLASH_CACHE DEFAULT CELL_FLASH_CACHE DEFAULT)
  TABLESPACE "SYSTEM"  ENABLE;
--------------------------------------------------------
--  Constraints for Table REVIEW
--------------------------------------------------------

  ALTER TABLE "GOING"."REVIEW" ADD CONSTRAINT "REVIEW_PK" PRIMARY KEY ("REVIEW_ID")
  USING INDEX PCTFREE 10 INITRANS 2 MAXTRANS 255 COMPUTE STATISTICS 
  STORAGE(INITIAL 65536 NEXT 1048576 MINEXTENTS 1 MAXEXTENTS 2147483645
  PCTINCREASE 0 FREELISTS 1 FREELIST GROUPS 1 BUFFER_POOL DEFAULT FLASH_CACHE DEFAULT CELL_FLASH_CACHE DEFAULT)
  TABLESPACE "SYSTEM"  ENABLE;
  ALTER TABLE "GOING"."REVIEW" MODIFY ("MEMBER_EMAIL" NOT NULL ENABLE);
  ALTER TABLE "GOING"."REVIEW" MODIFY ("COMMNET" NOT NULL ENABLE);
  ALTER TABLE "GOING"."REVIEW" MODIFY ("RATING" NOT NULL ENABLE);
  ALTER TABLE "GOING"."REVIEW" MODIFY ("REVIEW_ID" NOT NULL ENABLE);
--------------------------------------------------------
--  Constraints for Table BOOKING
--------------------------------------------------------

  ALTER TABLE "GOING"."BOOKING" ADD CONSTRAINT "SYS_C007225" PRIMARY KEY ("BOOKING_ID")
  USING INDEX PCTFREE 10 INITRANS 2 MAXTRANS 255 COMPUTE STATISTICS 
  STORAGE(INITIAL 65536 NEXT 1048576 MINEXTENTS 1 MAXEXTENTS 2147483645
  PCTINCREASE 0 FREELISTS 1 FREELIST GROUPS 1 BUFFER_POOL DEFAULT FLASH_CACHE DEFAULT CELL_FLASH_CACHE DEFAULT)
  TABLESPACE "SYSTEM"  ENABLE;
  ALTER TABLE "GOING"."BOOKING" MODIFY ("BOOKING_ID" NOT NULL ENABLE);
--------------------------------------------------------
--  Constraints for Table TRAVEL_ITEM
--------------------------------------------------------

  ALTER TABLE "GOING"."TRAVEL_ITEM" ADD PRIMARY KEY ("ITEM_ID")
  USING INDEX PCTFREE 10 INITRANS 2 MAXTRANS 255 COMPUTE STATISTICS 
  STORAGE(INITIAL 65536 NEXT 1048576 MINEXTENTS 1 MAXEXTENTS 2147483645
  PCTINCREASE 0 FREELISTS 1 FREELIST GROUPS 1 BUFFER_POOL DEFAULT FLASH_CACHE DEFAULT CELL_FLASH_CACHE DEFAULT)
  TABLESPACE "SYSTEM"  ENABLE;
  ALTER TABLE "GOING"."TRAVEL_ITEM" MODIFY ("PRICE" NOT NULL ENABLE);
  ALTER TABLE "GOING"."TRAVEL_ITEM" MODIFY ("AGENCY_NAME" NOT NULL ENABLE);
  ALTER TABLE "GOING"."TRAVEL_ITEM" MODIFY ("ITEM_NAME" NOT NULL ENABLE);
--------------------------------------------------------
--  Ref Constraints for Table QNA_ITEM
--------------------------------------------------------

  ALTER TABLE "GOING"."QNA_ITEM" ADD CONSTRAINT "QNA_ITEM_FK1" FOREIGN KEY ("ITEM_ID")
	  REFERENCES "GOING"."TRAVEL_ITEM" ("ITEM_ID") ON DELETE CASCADE ENABLE;
--------------------------------------------------------
--  Ref Constraints for Table REVIEW
--------------------------------------------------------

  ALTER TABLE "GOING"."REVIEW" ADD CONSTRAINT "REVIEW_FK2" FOREIGN KEY ("AGENCY_ID")
	  REFERENCES "GOING"."TRAVEL_AGENCY" ("AGENCY_ID") ENABLE;
--------------------------------------------------------
--  Ref Constraints for Table STATUS_HISTORY
--------------------------------------------------------

  ALTER TABLE "GOING"."STATUS_HISTORY" ADD FOREIGN KEY ("AGENCY_ID")
	  REFERENCES "GOING"."TRAVEL_AGENCY" ("AGENCY_ID") ENABLE;
--------------------------------------------------------
--  Ref Constraints for Table TRAVEL_ITEM
--------------------------------------------------------

  ALTER TABLE "GOING"."TRAVEL_ITEM" ADD FOREIGN KEY ("AGENCY_ID")
	  REFERENCES "GOING"."TRAVEL_AGENCY" ("AGENCY_ID") ENABLE;
